model_name,time,score
RandomForestRegressor GS,1459.8222021200002,
RandomForestRegressor,311.99877947100003,0.8249558356878938
DaskXGBRegressor GS,101.39287058900004,
DaskXGBRegressor,92.34703926400016,0.831732721367135