model_name,time,score
RandomForestRegressor GS,1333.2413162970001,
RandomForestRegressor,129.99529642699986,0.6653854705776674
DaskXGBRegressor GS,101.39287058900004,
DaskXGBRegressor,72.34810667900001,0.8298054508560457